RPM,SpeedMPH,Gear,Handbrake,Clutch,Steer,Brake,Gas,PacketDatetime,LapID,SessionID,PacketID,Fuel,RR_TyreContactNormalZ,RR_TyreContactNormalY,RR_TyreContactNormalX,RL_TyreContactNormalZ,RL_TyreContactNormalY,RL_TyreContactNormalX,FR_TyreContactNormalZ,FR_TyreContactNormalY,FR_TyreContactNormalX,FL_TyreContactNormalZ,FL_TyreContactNormalY,FL_TyreContactNormalX,RR_SelfAligningTorque,RL_SelfAligningTorque,FR_SelfAligningTorque,FL_SelfAligningTorque,RR_DynamicPressure,RL_DynamicPressure,FR_DynamicPressure,FL_DynamicPressure,RR_StaticPressure,RL_StaticPressure,FR_StaticPressure,FL_StaticPressure,RR_TemperatureMultiplier,RL_TemperatureMultiplier,FR_TemperatureMultiplier,FL_TemperatureMultiplier,RR_TyreOptimumTemperature,RL_TyreOptimumTemperature,FR_TyreOptimumTemperature,FL_TyreOptimumTemperature,RR_TyreOutsideTemperature,RL_TyreOutsideTemperature,FR_TyreOutsideTemperature,FL_TyreOutsideTemperature,RR_TyreMiddleTemperature,RL_TyreMiddleTemperature,FR_TyreMiddleTemperature,FL_TyreMiddleTemperature,RR_TyreInsideTemperature,RL_TyreInsideTemperature,FR_TyreInsideTemperature,FL_TyreInsideTemperature,RR_CoreTemperature,RL_CoreTemperature,FR_CoreTemperature,FL_CoreTemperature,RR_Load,RL_Load,FR_Load,FL_Load,RR_NDSlip,RL_NDSlip,FR_NDSlip,FL_NDSlip,RR_SlipRatio,RL_SlipRatio,FR_SlipRatio,FL_SlipRatio,RR_SlipAngle,RL_SlipAngle,FR_SlipAngle,FL_SlipAngle,RR_Slip,RL_Slip,FR_Slip,FL_Slip,RR_TyreDirtyLevel,RL_TyreDirtyLevel,FR_TyreDirtyLevel,FL_TyreDirtyLevel,RR_TyreVirtualMPH,RL_TyreVirtualMPH,FR_TyreVirtualMPH,FL_TyreVirtualMPH,RR_TyreWear,RL_TyreWear,FR_TyreWear,FL_TyreWear,RR_RimRadius,RL_RimRadius,FR_RimRadius,FL_RimRadius,RR_TyreWidth,RL_TyreWidth,FR_TyreWidth,FL_TyreWidth,RR_TyreRadius,RL_TyreRadius,FR_TyreRadius,FL_TyreRadius,RR_ToeIn,RL_ToeIn,FR_ToeIn,FL_ToeIn,RR_Camber,RL_Camber,FR_Camber,FL_Camber,Weight,SteerTorque,Ping,HeadlightsActive,CollidedWith,ResetCount,CarSideVectorZ,CarSideVectorY,CarSideVectorX,CarForwardVectorZ,CarForwardVectorY,CarForwardVectorX,Aero_LiftCoefficientRear,Aero_LiftCoefficientFront,Aero_DragCoeffcient,AccelerationZ,AccelerationY,AccelerationX,VelocityZ,VelocityY,VelocityX,AngularVelocityZ,AngularVelocityY,AngularVelocityX,WorldPositionZ,WorldPositionY,WorldPositionX,TurboBoost,EngagedGear
2100.7473144531,6.783885328332e-05,0,0,1,0.26999998092651,0,0,'01/16/2026 18:15:10:883',0,0,0,30,-0.0017401193035766,0.99999415874481,0.0029491267632693,-0.0017401193035766,0.99999415874481,0.0029491267632693,-0.0015893708914518,0.99999439716339,0.0029413206502795,-0.0017312067793682,0.99999451637268,0.0028257453814149,-0.00062386662466452,0.00065115309553221,-0.0012150320690125,0.0012588523095474,24.639999389648,24.639999389648,24.639999389648,24.639999389648,16,16,16,16,0.99999785423279,0.99999785423279,0.99999779462814,0.99999779462814,95,95,95,95,80,80,80,80,80,80,80,80,80,80,80,80,80,80,80,80,1,1,1,1,0.039430633187294,0.040151439607143,0.062245469540358,0.062741383910179,-4.7052330046427e-05,-4.7584675485268e-05,2.3107968445402e-06,5.6622566262376e-06,-0.0018269389402121,-0.002287489362061,-0.0013878457248211,-0.0018645916134119,0,0,0,0,0,0,0,0,0,0,0,0,0,0,0,0,0.24130000174046,0.24130000174046,0.24130000174046,0.24130000174046,0.31999999284744,0.31999999284744,0.30000001192093,0.30000001192093,0.35249999165535,0.35249999165535,0.34000000357628,0.34000000357628,-0.065649479627609,0.065678745508194,-0.025099229067564,0.056177355349064,-1.6653151512146,-1.667888045311,-2.9959223270416,-2.9954385757446,1305,0.015316602773964,-1,false,-1,2,-0.99999850988388,-0.0017094290815294,5.5552995945618e-06,1.1438364708738e-05,-0.0034415477421135,0.99999403953552,0,0,0,1.0000000031711e-30,1.0000000031711e-30,1.0000000031711e-30,1.0000000031711e-30,1.0000000031711e-30,1.0000000031711e-30,1.0000000031711e-30,1.0000000031711e-30,1.0000000031711e-30,340.61898803711,8.2675542831421,423.95443725586,0,0
2100.7084960938,7.4009301897604e-05,0,0,1,0.26999998092651,0,0,'01/16/2026 18:15:11:933',0,0,0,30,-0.0017401193035766,0.99999415874481,0.0029491267632693,-0.0017401193035766,0.99999415874481,0.0029491267632693,-0.0015893708914518,0.99999439716339,0.0029413206502795,-0.0017312067793682,0.99999451637268,0.0028257453814149,-0.00073785654967651,0.00077186000999063,-0.0013360197190195,0.0014027704019099,24.639999389648,24.639999389648,24.639999389648,24.639999389648,16,16,16,16,0.99999785423279,0.99999785423279,0.99999779462814,0.99999779462814,95,95,95,95,80,80,80,80,80,80,80,80,80,80,80,80,80,80,80,80,1,1,1,1,0.039428994059563,0.040145434439182,0.062226094305515,0.06272903829813,-2.7720700018108e-05,-2.8189890144859e-05,6.7325436248211e-07,4.4556754801306e-06,-0.0018229035194963,-0.0022620570380241,-0.0015104206977412,-0.0017830727156252,0,0,0,0,0,0,0,0,0,0,0,0,0,0,0,0,0.24130000174046,0.24130000174046,0.24130000174046,0.24130000174046,0.31999999284744,0.31999999284744,0.30000001192093,0.30000001192093,0.35249999165535,0.35249999165535,0.34000000357628,0.34000000357628,-0.065649248659611,0.065678678452969,-0.025099098682404,0.056177910417318,-1.6653158664703,-1.6679041385651,-2.9959106445313,-2.9954516887665,1305,0.014021810144186,-1,false,-1,2,-0.99999850988388,-0.0017092466587201,5.5804825933592e-06,1.1462563634268e-05,-0.003441339591518,0.99999403953552,0,0,0,1.0000000031711e-30,1.0000000031711e-30,1.0000000031711e-30,1.0000000031711e-30,1.0000000031711e-30,1.0000000031711e-30,1.0000000031711e-30,1.0000000031711e-30,1.0000000031711e-30,340.61898803711,8.2675542831421,423.95443725586,0,0
2100.6696777344,7.9314282629639e-05,0,0,1,0.26999998092651,0,0,'01/16/2026 18:15:11:983',0,0,0,30,-0.0017401193035766,0.99999415874481,0.0029491267632693,-0.0017401193035766,0.99999415874481,0.0029491267632693,-0.0015893708914518,0.99999439716339,0.0029413206502795,-0.0017312067793682,0.99999451637268,0.0028257453814149,-0.00085298880003393,0.00088431208860129,-0.0014013664331287,0.0014360770583153,24.639999389648,24.639999389648,24.639999389648,24.639999389648,16,16,16,16,0.99999785423279,0.99999785423279,0.99999779462814,0.99999779462814,95,95,95,95,80,80,80,80,80,80,80,80,80,80,80,80,80,80,80,80,1,1,1,1,0.039419323205948,0.040142212063074,0.062215585261583,0.062706932425499,-7.5994475992047e-06,-8.0632262324798e-06,3.2250229651254e-06,4.1716411942616e-06,-0.001873713452369,-0.0022499733604491,-0.0015751076862216,-0.0016440859762952,0,0,0,0,0,0,0,0,0,0,0,0,0,0,0,0,0.24130000174046,0.24130000174046,0.24130000174046,0.24130000174046,0.31999999284744,0.31999999284744,0.30000001192093,0.30000001192093,0.35249999165535,0.35249999165535,0.34000000357628,0.34000000357628,-0.065648972988129,0.065678603947163,-0.025098951533437,0.056174013763666,-1.6653164625168,-1.667916059494,-2.9959006309509,-2.9954409599304,1305,0.012918429449201,-1,false,-1,2,-0.99999850988388,-0.0017090955516323,5.6115463848982e-06,1.1492767953314e-05,-0.0034411402884871,0.99999403953552,0,0,0,1.0000000031711e-30,1.0000000031711e-30,1.0000000031711e-30,1.0000000031711e-30,1.0000000031711e-30,1.0000000031711e-30,1.0000000031711e-30,1.0000000031711e-30,1.0000000031711e-30,340.61898803711,8.2675542831421,423.95443725586,0,0
2100.6325683594,8.9122600911651e-05,0,0,1,0.26999998092651,0,0,'01/16/2026 18:15:11:33',0,0,0,30,-0.0017401193035766,0.99999415874481,0.0029491267632693,-0.0017401193035766,0.99999415874481,0.0029491267632693,-0.0015893708914518,0.99999439716339,0.0029413206502795,-0.0017312067793682,0.99999451637268,0.0028257453814149,-0.00099341839086264,0.0010189462918788,-0.0016365585615858,0.0017096389783546,24.639999389648,24.639999389648,24.639999389648,24.639999389648,16,16,16,16,0.99999785423279,0.99999785423279,0.99999779462814,0.99999779462814,95,95,95,95,80,80,80,80,80,80,80,80,80,80,80,80,80,80,80,80,1,1,1,1,0.039422713220119,0.040132816880941,0.062206704169512,0.062706656754017,4.2547258090053e-06,3.8708894862793e-06,3.0588626032113e-07,4.4550847633218e-07,-0.001849424210377,-0.0021927433554083,-0.0016310890205204,-0.0016410327516496,0,0,0,0,0,0,0,0,0,0,0,0,0,0,0,0,0.24130000174046,0.24130000174046,0.24130000174046,0.24130000174046,0.31999999284744,0.31999999284744,0.30000001192093,0.30000001192093,0.35249999165535,0.35249999165535,0.34000000357628,0.34000000357628,-0.065648853778839,0.065679043531418,-0.025098688900471,0.056171253323555,-1.6653169393539,-1.6679285764694,-2.9958870410919,-2.9954402446747,1305,0.014252725988626,-1,false,-1,2,-0.99999856948853,-0.0017088846070692,5.6367944125668e-06,1.1516880476847e-05,-0.0034409009385854,0.99999403953552,0,0,0,1.0000000031711e-30,1.0000000031711e-30,1.0000000031711e-30,1.0000000031711e-30,1.0000000031711e-30,1.0000000031711e-30,1.0000000031711e-30,1.0000000031711e-30,1.0000000031711e-30,340.61898803711,8.2675542831421,423.95443725586,0,0
2100.5998535156,9.0287256170996e-05,0,0,1,0.26999998092651,0,0,'01/16/2026 18:15:11:83',0,0,0,30,-0.0017401193035766,0.99999415874481,0.0029491267632693,-0.0017401193035766,0.99999415874481,0.0029491267632693,-0.0015893708914518,0.99999439716339,0.0029413206502795,-0.0017312067793682,0.99999451637268,0.0028257453814149,-0.0010057763429359,0.0010307213524356,-0.0016797782154754,0.0016700160922483,24.639999389648,24.639999389648,24.639999389648,24.639999389648,16,16,16,16,0.99999785423279,0.99999785423279,0.99999779462814,0.99999779462814,95,95,95,95,80,80,80,80,80,80,80,80,80,80,80,80,80,80,80,80,1,1,1,1,0.03942284733057,0.040132470428944,0.062203787267208,0.0627057030797,3.4313288779231e-06,2.9793104658893e-06,-5.8365469612909e-07,-6.7839783923773e-07,-0.0018486985936761,-0.0021883805748075,-0.0016462381463498,-0.0016312991501763,0,0,0,0,0,0,0,0,0,0,0,0,0,0,0,0,0.24130000174046,0.24130000174046,0.24130000174046,0.24130000174046,0.31999999284744,0.31999999284744,0.30000001192093,0.30000001192093,0.35249999165535,0.35249999165535,0.34000000357628,0.34000000357628,-0.065648645162582,0.065678931772709,-0.025094339624047,0.056173615157604,-1.6653167009354,-1.6679420471191,-2.9958584308624,-2.9954595565796,1305,0.0152693009004,-1,false,-1,2,-0.99999856948853,-0.001708744559437,5.6688527365623e-06,1.1548091606528e-05,-0.0034406872000545,0.99999403953552,0,0,0,1.0000000031711e-30,1.0000000031711e-30,1.0000000031711e-30,1.0000000031711e-30,1.0000000031711e-30,1.0000000031711e-30,1.0000000031711e-30,1.0000000031711e-30,1.0000000031711e-30,340.61898803711,8.2675542831421,423.95443725586,0,0
2100.5668945313,9.2316106020007e-05,0,0,1,0.26999998092651,0,0,'01/16/2026 18:15:11:133',0,0,0,30,-0.0017401193035766,0.99999415874481,0.0029491267632693,-0.0017401193035766,0.99999415874481,0.0029491267632693,-0.0015893708914518,0.99999439716339,0.0029413206502795,-0.0017312067793682,0.99999451637268,0.0028257453814149,-0.0010237109381706,0.0010440868791193,-0.0017349597765133,0.0017182618612424,24.639999389648,24.639999389648,24.639999389648,24.639999389648,16,16,16,16,0.99999785423279,0.99999785423279,0.99999779462814,0.99999779462814,95,95,95,95,80,80,80,80,80,80,80,80,80,80,80,80,80,80,80,80,1,1,1,1,0.039419922977686,0.040129091590643,0.062218859791756,0.062707252800465,3.5208913686802e-06,3.1126619433053e-06,-5.4355700740416e-07,-9.6099233815039e-07,-0.0018668086268008,-0.0021657776087523,-0.0015529216034338,-0.0016412844415754,0,0,0,0,0,0,0,0,0,0,0,0,0,0,0,0,0.24130000174046,0.24130000174046,0.24130000174046,0.24130000174046,0.31999999284744,0.31999999284744,0.30000001192093,0.30000001192093,0.35249999165535,0.35249999165535,0.34000000357628,0.34000000357628,-0.065648779273033,0.065678797662258,-0.025098524987698,0.056172426789999,-1.6653156280518,-1.667952299118,-2.9958744049072,-2.9954583644867,1305,0.015106540173292,-1,false,-1,2,-0.99999856948853,-0.0017086730804294,5.6902063079178e-06,1.1568852642085e-05,-0.0034404841717333,0.99999403953552,0,0,0,1.0000000031711e-30,1.0000000031711e-30,1.0000000031711e-30,1.0000000031711e-30,1.0000000031711e-30,1.0000000031711e-30,1.0000000031711e-30,1.0000000031711e-30,1.0000000031711e-30,340.61898803711,8.2675542831421,423.95446777344,0,0
2100.5358886719,9.2287744337227e-05,0,0,1,0.26999998092651,0,0,'01/16/2026 18:15:11:183',0,0,0,30,-0.0017401193035766,0.99999415874481,0.0029491267632693,-0.0017401193035766,0.99999415874481,0.0029491267632693,-0.0015893708914518,0.99999439716339,0.0029413206502795,-0.0017312067793682,0.99999451637268,0.0028257453814149,-0.0010087678674608,0.0010334010003135,-0.0016761312726885,0.0017062840051949,24.639999389648,24.639999389648,24.639999389648,24.639999389648,16,16,16,16,0.99999785423279,0.99999785423279,0.99999779462814,0.99999779462814,95,95,95,95,80,80,80,80,80,80,80,80,80,80,80,80,80,80,80,80,1,1,1,1,0.039406832307577,0.040130946785212,0.062220320105553,0.06272391974926,1.3604172863779e-06,1.003853299153e-06,-3.543767093106e-07,-4.9029665660782e-07,-0.0019472015555948,-0.0021743909455836,-0.0015473584644496,-0.0017454685876146,0,0,0,0,0,0,0,0,0,0,0,0,0,0,0,0,0.24130000174046,0.24130000174046,0.24130000174046,0.24130000174046,0.31999999284744,0.31999999284744,0.30000001192093,0.30000001192093,0.35249999165535,0.35249999165535,0.34000000357628,0.34000000357628,-0.065648704767227,0.065678723156452,-0.025106746703386,0.056172847747803,-1.6653029918671,-1.6679688692093,-2.9958989620209,-2.9954752922058,1305,0.01581166498363,-1,false,-1,2,-0.99999856948853,-0.001708411378786,5.7096340242424e-06,1.1587193512241e-05,-0.0034403761383146,0.99999403953552,0,0,0,1.0000000031711e-30,1.0000000031711e-30,1.0000000031711e-30,1.0000000031711e-30,1.0000000031711e-30,1.0000000031711e-30,1.0000000031711e-30,1.0000000031711e-30,1.0000000031711e-30,340.61898803711,8.2675542831421,423.95446777344,0,0
2100.5080566406,9.1784328105859e-05,0,0,1,0.26999998092651,0,0,'01/16/2026 18:15:11:233',0,0,0,30,-0.0017401193035766,0.99999415874481,0.0029491267632693,-0.0017401193035766,0.99999415874481,0.0029491267632693,-0.0015893708914518,0.99999439716339,0.0029413206502795,-0.0017312067793682,0.99999451637268,0.0028257453814149,-0.0010011964477599,0.0010279986308888,-0.0016809458611533,0.0017037113429978,24.639999389648,24.639999389648,24.639999389648,24.639999389648,16,16,16,16,0.99999785423279,0.99999785423279,0.99999779462814,0.99999779462814,95,95,95,95,80,80,80,80,80,80,80,80,80,80,80,80,80,80,80,80,1,1,1,1,0.039412621408701,0.040125455707312,0.062217887490988,0.062716849148273,7.299111643988e-07,3.7504116789933e-07,-4.2695606339294e-07,-3.5414211652096e-07,-0.0019101538928226,-0.0021382914856076,-0.0015623850049451,-0.0016988252755255,0,0,0,0,0,0,0,0,0,0,0,0,0,0,0,0,0.24130000174046,0.24130000174046,0.24130000174046,0.24130000174046,0.31999999284744,0.31999999284744,0.30000001192093,0.30000001192093,0.35249999165535,0.35249999165535,0.34000000357628,0.34000000357628,-0.065648399293423,0.065678708255291,-0.025108056142926,0.056172344833612,-1.6652965545654,-1.6679826974869,-2.9958906173706,-2.9954872131348,1305,0.015829298645258,-1,false,-1,2,-0.99999856948853,-0.0017081595724449,5.7367401495867e-06,1.1613294191193e-05,-0.003440294181928,0.99999403953552,0,0,0,1.0000000031711e-30,1.0000000031711e-30,1.0000000031711e-30,1.0000000031711e-30,1.0000000031711e-30,1.0000000031711e-30,1.0000000031711e-30,1.0000000031711e-30,1.0000000031711e-30,340.61898803711,8.2675542831421,423.95446777344,0,0
2100.4802246094,9.1207592049614e-05,0,0,1,0.26999998092651,0,0,'01/16/2026 18:15:11:283',0,0,0,30,-0.0017401193035766,0.99999415874481,0.0029491267632693,-0.0017401193035766,0.99999415874481,0.0029491267632693,-0.0015893708914518,0.99999439716339,0.0029413206502795,-0.0017312067793682,0.99999451637268,0.0028257453814149,-0.00099699967540801,0.0010214494541287,-0.0016249645268545,0.0017060493119061,24.639999389648,24.639999389648,24.639999389648,24.639999389648,16,16,16,16,0.99999785423279,0.99999785423279,0.99999779462814,0.99999779462814,95,95,95,95,80,80,80,80,80,80,80,80,80,80,80,80,80,80,80,80,1,1,1,1,0.039415635168552,0.04012955352664,0.062214378267527,0.062715023756027,-1.3866068115931e-07,-5.1935637657152e-07,-1.8701160797718e-07,-2.5369919853802e-07,-0.0018910769140348,-0.0021608397364616,-0.0015825382433832,-0.0016850746469572,0,0,0,0,0,0,0,0,0,0,0,0,0,0,0,0,0.24130000174046,0.24130000174046,0.24130000174046,0.24130000174046,0.31999999284744,0.31999999284744,0.30000001192093,0.30000001192093,0.35249999165535,0.35249999165535,0.34000000357628,0.34000000357628,-0.06564798951149,0.065678596496582,-0.025108672678471,0.05617268756032,-1.6652929782867,-1.6679992675781,-2.9958791732788,-2.9955034255981,1305,0.014427354559302,-1,false,-1,2,-0.99999856948853,-0.0017079048557207,5.7689899222169e-06,1.164451623481e-05,-0.0034402052406222,0.99999403953552,0,0,0,1.0000000031711e-30,1.0000000031711e-30,1.0000000031711e-30,1.0000000031711e-30,1.0000000031711e-30,1.0000000031711e-30,1.0000000031711e-30,1.0000000031711e-30,1.0000000031711e-30,340.61898803711,8.2675542831421,423.95446777344,0,0
2100.4536132813,9.0761575847864e-05,0,0,1,0.26999998092651,0,0,'01/16/2026 18:15:11:333',0,0,0,30,-0.0017401193035766,0.99999415874481,0.0029491267632693,-0.0017401193035766,0.99999415874481,0.0029491267632693,-0.0015893708914518,0.99999439716339,0.0029413206502795,-0.0017312067793682,0.99999451637268,0.0028257453814149,-0.00099003373179585,0.0010156437056139,-0.0016526366816834,0.00168150535319,24.639999389648,24.639999389648,24.639999389648,24.639999389648,16,16,16,16,0.99999785423279,0.99999785423279,0.99999779462814,0.99999779462814,95,95,95,95,80,80,80,80,80,80,80,80,80,80,80,80,80,80,80,80,1,1,1,1,0.039415907114744,0.040133439004421,0.062209397554398,0.062707386910915,-2.3896822654024e-07,-6.038088713467e-07,-2.0305313341851e-07,-1.6885672948774e-07,-0.0018887430196628,-0.002182602416724,-0.001613192842342,-0.001637299428694,0,0,0,0,0,0,0,0,0,0,0,0,0,0,0,0,0.24130000174046,0.24130000174046,0.24130000174046,0.24130000174046,0.31999999284744,0.31999999284744,0.30000001192093,0.30000001192093,0.35249999165535,0.35249999165535,0.34000000357628,0.34000000357628,-0.065647602081299,0.065678484737873,-0.0251100435853,0.056169103831053,-1.6652888059616,-1.6680158376694,-2.9958708286285,-2.9955010414124,1305,0.014709981158376,-1,false,-1,2,-0.99999856948853,-0.001707645249553,5.7985694184026e-06,1.1673047083605e-05,-0.0034401149023324,0.99999403953552,0,0,0,1.0000000031711e-30,1.0000000031711e-30,1.0000000031711e-30,1.0000000031711e-30,1.0000000031711e-30,1.0000000031711e-30,1.0000000031711e-30,1.0000000031711e-30,1.0000000031711e-30,340.61898803711,8.2675542831421,423.95446777344,0,0
2100.4287109375,9.0823676146101e-05,0,0,1,0.26999998092651,0,0,'01/16/2026 18:15:11:383',0,0,0,30,-0.0017401193035766,0.99999415874481,0.0029491267632693,-0.0017401193035766,0.99999415874481,0.0029491267632693,-0.0015893708914518,0.99999439716339,0.0029413206502795,-0.0017312067793682,0.99999451637268,0.0028257453814149,-0.00098952162079513,0.0010145371779799,-0.0016534904716536,0.0016855204012245,24.639999389648,24.639999389648,24.639999389648,24.639999389648,16,16,16,16,0.99999785423279,0.99999785423279,0.99999779462814,0.99999779462814,95,95,95,95,80,80,80,80,80,80,80,80,80,80,80,80,80,80,80,80,1,1,1,1,0.039416946470737,0.040134094655514,0.062212277203798,0.062712222337723,3.5934952791195e-08,-3.6162577998766e-07,-2.7906196464755e-07,-2.9740076001872e-07,-0.0018815841758624,-0.0021843211725354,-0.0015933343674988,-0.0016647832235321,0,0,0,0,0,0,0,0,0,0,0,0,0,0,0,0,0.24130000174046,0.24130000174046,0.24130000174046,0.24130000174046,0.31999999284744,0.31999999284744,0.30000001192093,0.30000001192093,0.35249999165535,0.35249999165535,0.34000000357628,0.34000000357628,-0.065647214651108,0.065678596496582,-0.02511084638536,0.056170158088207,-1.6652843952179,-1.668032169342,-2.9958593845367,-2.9955217838287,1305,0.017015922814608,-1,false,-1,2,-0.99999856948853,-0.0017073758644983,5.8321616052126e-06,1.1705530596373e-05,-0.0034400082658976,0.99999403953552,0,0,0,1.0000000031711e-30,1.0000000031711e-30,1.0000000031711e-30,1.0000000031711e-30,1.0000000031711e-30,1.0000000031711e-30,1.0000000031711e-30,1.0000000031711e-30,1.0000000031711e-30,340.61898803711,8.2675542831421,423.95446777344,0,0
2100.4064941406,9.0990637545474e-05,0,0,1,0.26999998092651,0,0,'01/16/2026 18:15:11:433',0,0,0,30,-0.0017401193035766,0.99999415874481,0.0029491267632693,-0.0017401193035766,0.99999415874481,0.0029491267632693,-0.0015893708914518,0.99999439716339,0.0029413206502795,-0.0017312067793682,0.99999451637268,0.0028257453814149,-0.00098725373391062,0.00101452274248,-0.0016376825515181,0.0017107328167185,24.639999389648,24.639999389648,24.639999389648,24.639999389648,16,16,16,16,0.99999785423279,0.99999785423279,0.99999779462814,0.99999779462814,95,95,95,95,80,80,80,80,80,80,80,80,80,80,80,80,80,80,80,80,1,1,1,1,0.039421763271093,0.040123321115971,0.062212895601988,0.062703736126423,1.784489001011e-07,-2.612376590605e-07,-3.0667780492877e-07,-3.4651458236112e-07,-0.0018510081572458,-0.0021162596531212,-0.0015853511868045,-0.0016079453052953,0,0,0,0,0,0,0,0,0,0,0,0,0,0,0,0,0.24130000174046,0.24130000174046,0.24130000174046,0.24130000174046,0.31999999284744,0.31999999284744,0.30000001192093,0.30000001192093,0.35249999165535,0.35249999165535,0.34000000357628,0.34000000357628,-0.065646976232529,0.065678551793098,-0.025106962770224,0.056171894073486,-1.6652837991714,-1.6680401563644,-2.9958336353302,-2.9955370426178,1305,0.01630181260407,-1,false,-1,2,-0.99999856948853,-0.0017072553746402,5.8646351135394e-06,1.1737445674953e-05,-0.0034399239812046,0.99999403953552,0,0,0,1.0000000031711e-30,1.0000000031711e-30,1.0000000031711e-30,1.0000000031711e-30,1.0000000031711e-30,1.0000000031711e-30,1.0000000031711e-30,1.0000000031711e-30,1.0000000031711e-30,340.61898803711,8.2675533294678,423.95446777344,0,0
2100.3840332031,9.1007568698842e-05,0,0,1,0.26999998092651,0,0,'01/16/2026 18:15:11:483',0,0,0,30,-0.0017401193035766,0.99999415874481,0.0029491267632693,-0.0017401193035766,0.99999415874481,0.0029491267632693,-0.0015893708914518,0.99999439716339,0.0029413206502795,-0.0017312067793682,0.99999451637268,0.0028257453814149,-0.00099331513047218,0.0010153932962567,-0.0016775894910097,0.0016604022821411,24.639999389648,24.639999389648,24.639999389648,24.639999389648,16,16,16,16,0.99999785423279,0.99999785423279,0.99999779462814,0.99999779462814,95,95,95,95,80,80,80,80,80,80,80,80,80,80,80,80,80,80,80,80,1,1,1,1,0.039419986307621,0.040127191692591,0.062215313315392,0.062707595527172,2.547072881498e-07,-1.5494113370096e-07,-1.6586143658515e-07,-3.485615138743e-07,-0.0018626827513799,-0.0021386379376054,-0.0015708922874182,-0.0016327669145539,0,0,0,0,0,0,0,0,0,0,0,0,0,0,0,0,0.24130000174046,0.24130000174046,0.24130000174046,0.24130000174046,0.31999999284744,0.31999999284744,0.30000001192093,0.30000001192093,0.35249999165535,0.35249999165535,0.34000000357628,0.34000000357628,-0.065646842122078,0.065678417682648,-0.025108739733696,0.056171413511038,-1.6652857065201,-1.6680498123169,-2.9958364963531,-2.9955406188965,1305,0.014266120269895,-1,false,-1,2,-0.99999856948853,-0.001707149320282,5.8921345953422e-06,1.1764428563765e-05,-0.0034398350398988,0.99999403953552,0,0,0,1.0000000031711e-30,1.0000000031711e-30,1.0000000031711e-30,1.0000000031711e-30,1.0000000031711e-30,1.0000000031711e-30,1.0000000031711e-30,1.0000000031711e-30,1.0000000031711e-30,340.61898803711,8.2675533294678,423.95449829102,0,0
2100.3642578125,9.1111687652301e-05,0,0,1,0.26999998092651,0,0,'01/16/2026 18:15:11:533',0,0,0,30,-0.0017401193035766,0.99999415874481,0.0029491267632693,-0.0017401193035766,0.99999415874481,0.0029491267632693,-0.0015893708914518,0.99999439716339,0.0029413206502795,-0.0017312067793682,0.99999451637268,0.0028257453814149,-0.00098884257022291,0.0010119900107384,-0.0016475497977808,0.001715122256428,24.639999389648,24.639999389648,24.639999389648,24.639999389648,16,16,16,16,0.99999785423279,0.99999785423279,0.99999779462814,0.99999779462814,95,95,95,95,80,80,80,80,80,80,80,80,80,80,80,80,80,80,80,80,1,1,1,1,0.039420522749424,0.04012668132782,0.062215644866228,0.06270994246006,2.4600063852631e-07,-1.492240215839e-07,-2.1032795416431e-07,-3.4131343795707e-07,-0.0018592176493257,-0.0021339009981602,-0.0015686021652073,-0.0016458597965539,0,0,0,0,0,0,0,0,0,0,0,0,0,0,0,0,0.24130000174046,0.24130000174046,0.24130000174046,0.24130000174046,0.31999999284744,0.31999999284744,0.30000001192093,0.30000001192093,0.35249999165535,0.35249999165535,0.34000000357628,0.34000000357628,-0.065646603703499,0.065678298473358,-0.025110011920333,0.056171640753746,-1.6652851104736,-1.6680600643158,-2.9958348274231,-2.9955496788025,1305,0.015453762374818,-1,false,-1,2,-0.99999856948853,-0.0017070168396458,5.9180551943427e-06,1.1789823474828e-05,-0.0034397945273668,0.99999403953552,0,0,0,1.0000000031711e-30,1.0000000031711e-30,1.0000000031711e-30,1.0000000031711e-30,1.0000000031711e-30,1.0000000031711e-30,1.0000000031711e-30,1.0000000031711e-30,1.0000000031711e-30,340.61898803711,8.2675533294678,423.95449829102,0,0
2100.3442382813,9.1083049483132e-05,0,0,1,0.26999998092651,0,0,'01/16/2026 18:15:11:583',0,0,0,30,-0.0017401193035766,0.99999415874481,0.0029491267632693,-0.0017401193035766,0.99999415874481,0.0029491267632693,-0.0015893708914518,0.99999439716339,0.0029413206502795,-0.0017312067793682,0.99999451637268,0.0028257453814149,-0.0009861730504781,0.0010158170480281,-0.0015840828418732,0.001673465478234,24.639999389648,24.639999389648,24.639999389648,24.639999389648,16,16,16,16,0.99999785423279,0.99999785423279,0.99999779462814,0.99999779462814,95,95,95,95,80,80,80,80,80,80,80,80,80,80,80,80,80,80,80,80,1,1,1,1,0.039420798420906,0.040123336017132,0.062203522771597,0.062701024115086,2.69738507086e-07,-1.5436172873251e-07,-5.9616110092975e-07,-3.0484221724691e-07,-0.0018571179825813,-0.0021116980351508,-0.0016418558079749,-0.0015888315392658,0,0,0,0,0,0,0,0,0,0,0,0,0,0,0,0,0.24130000174046,0.24130000174046,0.24130000174046,0.24130000174046,0.31999999284744,0.31999999284744,0.30000001192093,0.30000001192093,0.35249999165535,0.35249999165535,0.34000000357628,0.34000000357628,-0.065646409988403,0.065678179264069,-0.025105845183134,0.05617081746459,-1.6652846336365,-1.6680688858032,-2.995808839798,-2.9955508708954,1305,0.014053175225854,-1,false,-1,2,-0.99999856948853,-0.0017069173045456,5.9471203712747e-06,1.1818457096524e-05,-0.00343974144198,0.99999403953552,0,0,0,1.0000000031711e-30,1.0000000031711e-30,1.0000000031711e-30,1.0000000031711e-30,1.0000000031711e-30,1.0000000031711e-30,1.0000000031711e-30,1.0000000031711e-30,1.0000000031711e-30,340.61898803711,8.2675533294678,423.95449829102,0,0
2100.3251953125,9.1095454990864e-05,0,0,1,0.26999998092651,0,0,'01/16/2026 18:15:11:633',0,0,0,30,-0.0017401193035766,0.99999415874481,0.0029491267632693,-0.0017401193035766,0.99999415874481,0.0029491267632693,-0.0015893708914518,0.99999439716339,0.0029413206502795,-0.0017312067793682,0.99999451637268,0.0028257453814149,-0.00099518208298832,0.0010179394157603,-0.0016490441048518,0.0016875640721992,24.639999389648,24.639999389648,24.639999389648,24.639999389648,16,16,16,16,0.99999785423279,0.99999785423279,0.99999779462814,0.99999779462814,95,95,95,95,80,80,80,80,80,80,80,80,80,80,80,80,80,80,80,80,1,1,1,1,0.03942509368062,0.040119081735611,0.062203597277403,0.062692850828171,2.3448056651887e-07,-1.9176059140591e-07,-3.0182582122507e-07,-2.7460271212476e-07,-0.0018313534092158,-0.0020847846753895,-0.0016386592760682,-0.0015384089201689,0,0,0,0,0,0,0,0,0,0,0,0,0,0,0,0,0.24130000174046,0.24130000174046,0.24130000174046,0.24130000174046,0.31999999284744,0.31999999284744,0.30000001192093,0.30000001192093,0.35249999165535,0.35249999165535,0.34000000357628,0.34000000357628,-0.06564623862505,0.065677985548973,-0.025102028623223,0.056168749928474,-1.6652916669846,-1.668071269989,-2.9957933425903,-2.9955379962921,1305,0.013730536215007,-1,false,-1,2,-0.99999856948853,-0.0017069691093639,5.9727231018769e-06,1.1844053915411e-05,-0.0034396334085613,0.99999403953552,0,0,0,1.0000000031711e-30,1.0000000031711e-30,1.0000000031711e-30,1.0000000031711e-30,1.0000000031711e-30,1.0000000031711e-30,1.0000000031711e-30,1.0000000031711e-30,1.0000000031711e-30,340.61898803711,8.2675533294678,423.95449829102,0,0
2100.3083496094,9.1009969764855e-05,0,0,1,0.26999998092651,0,0,'01/16/2026 18:15:11:683',0,0,0,30,-0.0017401193035766,0.99999415874481,0.0029491267632693,-0.0017401193035766,0.99999415874481,0.0029491267632693,-0.0015893708914518,0.99999439716339,0.0029413206502795,-0.0017312067793682,0.99999451637268,0.0028257453814149,-0.0009975895518437,0.001019520801492,-0.001649233745411,0.0016726352041587,24.639999389648,24.639999389648,24.639999389648,24.639999389648,16,16,16,16,0.99999785423279,0.99999785423279,0.99999779462814,0.99999779462814,95,95,95,95,80,80,80,80,80,80,80,80,80,80,80,80,80,80,80,80,1,1,1,1,0.039420854300261,0.040124591439962,0.062198635190725,0.062689669430256,2.1195656074724e-07,-1.9550289209747e-07,-2.6684665499488e-07,-4.1453134258518e-07,-0.0018584388308227,-0.0021183632779866,-0.0016692677745596,-0.0015217865584418,0,0,0,0,0,0,0,0,0,0,0,0,0,0,0,0,0.24130000174046,0.24130000174046,0.24130000174046,0.24130000174046,0.31999999284744,0.31999999284744,0.30000001192093,0.30000001192093,0.35249999165535,0.35249999165535,0.34000000357628,0.34000000357628,-0.065646082162857,0.065677784383297,-0.025100408121943,0.056163989007473,-1.6652957201004,-1.6680767536163,-2.9957854747772,-2.9955153465271,1305,0.01282908115536,-1,false,-1,2,-0.99999856948853,-0.001706967363134,5.9946610235784e-06,1.1865763553942e-05,-0.0034395044203848,0.99999403953552,0,0,0,1.0000000031711e-30,1.0000000031711e-30,1.0000000031711e-30,1.0000000031711e-30,1.0000000031711e-30,1.0000000031711e-30,1.0000000031711e-30,1.0000000031711e-30,1.0000000031711e-30,340.61898803711,8.2675533294678,423.95449829102,0,0
2100.2915039063,9.1166519268882e-05,0,0,1,0.26999998092651,0,0,'01/16/2026 18:15:11:733',0,0,0,30,-0.0017401193035766,0.99999415874481,0.0029491267632693,-0.0017401193035766,0.99999415874481,0.0029491267632693,-0.0015893708914518,0.99999439716339,0.0029413206502795,-0.0017312067793682,0.99999451637268,0.0028257453814149,-0.00099577172659338,0.0010237393435091,-0.0016460516490042,0.0016797651769593,24.639999389648,24.639999389648,24.639999389648,24.639999389648,16,16,16,16,0.99999785423279,0.99999785423279,0.99999779462814,0.99999779462814,95,95,95,95,80,80,80,80,80,80,80,80,80,80,80,80,80,80,80,80,1,1,1,1,0.039426244795322,0.040120922029018,0.062207952141762,0.062698006629944,1.9552018670765e-07,-2.3366551715753e-07,-2.2685966882818e-07,-1.487989038651e-07,-0.0018258217023686,-0.0020949507597834,-0.0016086545074359,-0.0015729973092675,0,0,0,0,0,0,0,0,0,0,0,0,0,0,0,0,0.24130000174046,0.24130000174046,0.24130000174046,0.24130000174046,0.31999999284744,0.31999999284744,0.30000001192093,0.30000001192093,0.35249999165535,0.35249999165535,0.34000000357628,0.34000000357628,-0.06564586609602,0.065677754580975,-0.025099081918597,0.056166391819715,-1.6653027534485,-1.6680799722672,-2.9957807064056,-2.995525598526,1305,0.014682176522911,-1,false,-1,2,-0.99999856948853,-0.0017069918103516,6.0220472732908e-06,1.189298927784e-05,-0.0034393609967083,0.99999409914017,0,0,0,1.0000000031711e-30,1.0000000031711e-30,1.0000000031711e-30,1.0000000031711e-30,1.0000000031711e-30,1.0000000031711e-30,1.0000000031711e-30,1.0000000031711e-30,1.0000000031711e-30,340.61898803711,8.2675533294678,423.95449829102,0,0
2100.275390625,9.1152483946644e-05,0,0,1,0.26999998092651,0,0,'01/16/2026 18:15:11:783',0,0,0,30,-0.0017401193035766,0.99999415874481,0.0029491267632693,-0.0017401193035766,0.99999415874481,0.0029491267632693,-0.0015893708914518,0.99999439716339,0.0029413206502795,-0.0017312067793682,0.99999451637268,0.0028257453814149,-0.00099636509548873,0.0010195282520726,-0.0016341210575774,0.0017303880304098,24.639999389648,24.639999389648,24.639999389648,24.639999389648,16,16,16,16,0.99999785423279,0.99999785423279,0.99999779462814,0.99999779462814,95,95,95,95,80,80,80,80,80,80,80,80,80,80,80,80,80,80,80,80,1,1,1,1,0.03942845761776,0.04011670127511,0.062206856906414,0.062694929540157,2.2954962730637e-07,-2.0403123812684e-07,-2.9636706244673e-07,-3.4319305086683e-07,-0.0018133624689654,-0.0020688024815172,-0.0016143239336088,-0.0015543502522632,0,0,0,0,0,0,0,0,0,0,0,0,0,0,0,0,0.24130000174046,0.24130000174046,0.24130000174046,0.24130000174046,0.31999999284744,0.31999999284744,0.30000001192093,0.30000001192093,0.35249999165535,0.35249999165535,0.34000000357628,0.34000000357628,-0.065645776689053,0.065677538514137,-0.025095619261265,0.056166294962168,-1.6653119325638,-1.6680787801743,-2.9957714080811,-2.9955177307129,1305,0.01463283970952,-1,false,-1,2,-0.99999856948853,-0.0017071207985282,6.0456259234343e-06,1.1916765288333e-05,-0.0034392166417092,0.99999409914017,0,0,0,1.0000000031711e-30,1.0000000031711e-30,1.0000000031711e-30,1.0000000031711e-30,1.0000000031711e-30,1.0000000031711e-30,1.0000000031711e-30,1.0000000031711e-30,1.0000000031711e-30,340.61898803711,8.2675533294678,423.95452880859,0,0
2100.2612304688,9.1062764113303e-05,0,0,1,0.26999998092651,0,0,'01/16/2026 18:15:11:833',0,0,0,30,-0.0017401193035766,0.99999415874481,0.0029491267632693,-0.0017401193035766,0.99999415874481,0.0029491267632693,-0.0015893708914518,0.99999439716339,0.0029413206502795,-0.0017312067793682,0.99999451637268,0.0028257453814149,-0.0010011893464252,0.0010210983455181,-0.0016632378101349,0.0016721640713513,24.639999389648,24.639999389648,24.639999389648,24.639999389648,16,16,16,16,0.99999785423279,0.99999785423279,0.99999779462814,0.99999779462814,95,95,95,95,80,80,80,80,80,80,80,80,80,80,80,80,80,80,80,80,1,1,1,1,0.039419338107109,0.040123108774424,0.062201756983995,0.062689810991287,2.1737130850852e-07,-1.3923849451203e-07,-2.0859773997017e-07,-4.6745805093451e-07,-0.0018706249538809,-0.0021081266459078,-0.0016484594671056,-0.0015283240936697,0,0,0,0,0,0,0,0,0,0,0,0,0,0,0,0,0.24130000174046,0.24130000174046,0.24130000174046,0.24130000174046,0.31999999284744,0.31999999284744,0.30000001192093,0.30000001192093,0.35249999165535,0.35249999165535,0.34000000357628,0.34000000357628,-0.065645836293697,0.065677382051945,-0.025097329169512,0.056157693266869,-1.6653139591217,-1.6680836677551,-2.995778799057,-2.9954767227173,1305,0.013999599963427,-1,false,-1,2,-0.99999856948853,-0.0017071056645364,6.0620773183473e-06,1.1932863344555e-05,-0.0034390392247587,0.99999409914017,0,0,0,1.0000000031711e-30,1.0000000031711e-30,1.0000000031711e-30,1.0000000031711e-30,1.0000000031711e-30,1.0000000031711e-30,1.0000000031711e-30,1.0000000031711e-30,1.0000000031711e-30,340.61898803711,8.2675533294678,423.95452880859,0,0
2100.2468261719,9.1036745288875e-05,0,0,1,0.26999998092651,0,0,'01/16/2026 18:15:11:883',0,0,0,30,-0.0017401193035766,0.99999415874481,0.0029491267632693,-0.0017401193035766,0.99999415874481,0.0029491267632693,-0.0015893708914518,0.99999439716339,0.0029413206502795,-0.0017312067793682,0.99999451637268,0.0028257453814149,-0.0010004431242123,0.0010284489253536,-0.0016606190474704,0.0016984849935398,24.639999389648,24.639999389648,24.639999389648,24.639999389648,16,16,16,16,0.99999785423279,0.99999785423279,0.99999779462814,0.99999779462814,95,95,95,95,80,80,80,80,80,80,80,80,80,80,80,80,80,80,80,80,1,1,1,1,0.039416987448931,0.040124952793121,0.062201794236898,0.062694855034351,1.8116743660812e-07,-1.9503671921939e-07,-3.3899976870089e-07,-2.2767963514525e-07,-0.0018851164495572,-0.0021182242780924,-0.0016469415277243,-0.0015610220143571,0,0,0,0,0,0,0,0,0,0,0,0,0,0,0,0,0.24130000174046,0.24130000174046,0.24130000174046,0.24130000174046,0.31999999284744,0.31999999284744,0.30000001192093,0.30000001192093,0.35249999165535,0.35249999165535,0.34000000357628,0.34000000357628,-0.065645657479763,0.065677255392075,-0.025096621364355,0.056155629456043,-1.6653126478195,-1.6680928468704,-2.9957687854767,-2.9954733848572,1305,0.015394253656268,-1,false,-1,2,-0.99999856948853,-0.0017069939058274,6.0884058257216e-06,1.1958505638177e-05,-0.0034388632047921,0.99999409914017,0,0,0,1.0000000031711e-30,1.0000000031711e-30,1.0000000031711e-30,1.0000000031711e-30,1.0000000031711e-30,1.0000000031711e-30,1.0000000031711e-30,1.0000000031711e-30,1.0000000031711e-30,340.61898803711,8.2675533294678,423.95452880859,0,0
2100.2331542969,9.1039793915115e-05,0,0,1,0.26999998092651,0,0,'01/16/2026 18:15:12:933',0,0,0,30,-0.0017401193035766,0.99999415874481,0.0029491267632693,-0.0017401193035766,0.99999415874481,0.0029491267632693,-0.0015893708914518,0.99999439716339,0.0029413206502795,-0.0017312067793682,0.99999451637268,0.0028257453814149,-0.00099578278604895,0.0010186671279371,-0.0016602665418759,0.0017475958447903,24.639999389648,24.639999389648,24.639999389648,24.639999389648,16,16,16,16,0.99999785423279,0.99999785423279,0.99999779462814,0.99999779462814,95,95,95,95,80,80,80,80,80,80,80,80,80,80,80,80,80,80,80,80,1,1,1,1,0.039416927844286,0.040119778364897,0.062215551733971,0.06271318346262,2.6410407372168e-07,-1.8333479090415e-07,-2.8767394155693e-07,-5.9856790812773e-07,-0.0018852816428989,-0.0020849918946624,-0.0015586530789733,-0.0016715253004804,0,0,0,0,0,0,0,0,0,0,0,0,0,0,0,0,0.24130000174046,0.24130000174046,0.24130000174046,0.24130000174046,0.31999999284744,0.31999999284744,0.30000001192093,0.30000001192093,0.35249999165535,0.35249999165535,0.34000000357628,0.34000000357628,-0.065645568072796,0.065677151083946,-0.025096379220486,0.05616270005703,-1.6653113365173,-1.6680990457535,-2.9957644939423,-2.9955110549927,1305,0.013930257409811,-1,false,-1,2,-0.99999856948853,-0.0017069368623197,6.118686087575e-06,1.1988321602985e-05,-0.0034387067425996,0.99999409914017,0,0,0,1.0000000031711e-30,1.0000000031711e-30,1.0000000031711e-30,1.0000000031711e-30,1.0000000031711e-30,1.0000000031711e-30,1.0000000031711e-30,1.0000000031711e-30,1.0000000031711e-30,340.61898803711,8.2675533294678,423.95452880859,0,0
2100.2211914063,9.1047470050398e-05,0,0,1,0.26999998092651,0,0,'01/16/2026 18:15:12:983',0,0,0,30,-0.0017401193035766,0.99999415874481,0.0029491267632693,-0.0017401193035766,0.99999415874481,0.0029491267632693,-0.0015893708914518,0.99999439716339,0.0029413206502795,-0.0017312067793682,0.99999451637268,0.0028257453814149,-0.00099484645761549,0.0010218849638477,-0.0016663443529978,0.0016759383725002,24.639999389648,24.639999389648,24.639999389648,24.639999389648,16,16,16,16,0.99999785423279,0.99999785423279,0.99999779462814,0.99999779462814,95,95,95,95,80,80,80,80,80,80,80,80,80,80,80,80,80,80,80,80,1,1,1,1,0.039417389780283,0.040116835385561,0.062220301479101,0.062707185745239,2.2822783307674e-07,-2.2368070062839e-07,-3.1657921795158e-07,-3.4676148175095e-07,-0.0018826376181096,-0.0020662697497755,-0.0015292911557481,-0.0016332449158654,0,0,0,0,0,0,0,0,0,0,0,0,0,0,0,0,0.24130000174046,0.24130000174046,0.24130000174046,0.24130000174046,0.31999999284744,0.31999999284744,0.30000001192093,0.30000001192093,0.35249999165535,0.35249999165535,0.34000000357628,0.34000000357628,-0.065645597875118,0.065676935017109,-0.025097059085965,0.056163620203733,-1.6653130054474,-1.66810131073,-2.9957716464996,-2.995512008667,1305,0.01387176476419,-1,false,-1,2,-0.99999856948853,-0.0017069992609322,6.1393648138619e-06,1.2009053534712e-05,-0.003438611747697,0.99999409914017,0,0,0,1.0000000031711e-30,1.0000000031711e-30,1.0000000031711e-30,1.0000000031711e-30,1.0000000031711e-30,1.0000000031711e-30,1.0000000031711e-30,1.0000000031711e-30,1.0000000031711e-30,340.61898803711,8.2675533294678,423.95452880859,0,0
2100,9.1131092631258e-05,0,0,1,0.26999998092651,0,0,'01/16/2026 18:15:34:135',0,0,0,30,-0.0017401193035766,0.99999415874481,0.0029491267632693,-0.0017401193035766,0.99999415874481,0.0029491267632693,-0.0015893708914518,0.99999439716339,0.0029413206502795,-0.0017312067793682,0.99999451637268,0.0028257453814149,-0.00098664639517665,0.0010091388830915,-0.0016810694942251,0.0016788273351267,24.639999389648,24.639999389648,24.639999389648,24.639999389648,16,16,16,16,0.99999785423279,0.99999785423279,0.99999779462814,0.99999779462814,95,95,95,95,80,80,80,80,80,80,80,80,80,80,80,80,80,80,80,80,1,1,1,1,0.039406035095453,0.040103655308485,0.062213286757469,0.062705554068089,2.1417514517452e-07,-1.6086372056634e-07,-4.4813452859671e-07,-3.6347563536765e-07,-0.0019706420134753,-0.0019781962037086,-0.0015760707901791,-0.0016301503637806,0,0,0,0,0,0,0,0,0,0,0,0,0,0,0,0,0.24130000174046,0.24130000174046,0.24130000174046,0.24130000174046,0.31999999284744,0.31999999284744,0.30000001192093,0.30000001192093,0.35249999165535,0.35249999165535,0.34000000357628,0.34000000357628,-0.065643213689327,0.065674431622028,-0.025091048330069,0.05616033449769,-1.6654276847839,-1.6681425571442,-2.9957818984985,-2.9954566955566,1305,0.016545105725527,-1,false,-1,2,-0.99999856948853,-0.0017077187076211,1.7111849956564e-05,2.2980017092777e-05,-0.0034363002050668,0.99999409914017,0,0,0,1.0000000031711e-30,1.0000000031711e-30,1.0000000031711e-30,1.0000000031711e-30,1.0000000031711e-30,1.0000000031711e-30,1.0000000031711e-30,1.0000000031711e-30,1.0000000031711e-30,340.6188659668,8.2675457000732,423.95654296875,0,0
2100,9.1074383817613e-05,0,0,1,0.26999998092651,0,0,'01/16/2026 18:15:34:185',0,0,0,30,-0.0017401193035766,0.99999415874481,0.0029491267632693,-0.0017401193035766,0.99999415874481,0.0029491267632693,-0.0015893708914518,0.99999439716339,0.0029413206502795,-0.0017312067793682,0.99999451637268,0.0028257453814149,-0.00098917167633772,0.001012820401229,-0.0016345059266314,0.0016913906438276,24.639999389648,24.639999389648,24.639999389648,24.639999389648,16,16,16,16,0.99999785423279,0.99999785423279,0.99999779462814,0.99999779462814,95,95,95,95,80,80,80,80,80,80,80,80,80,80,80,80,80,80,80,80,1,1,1,1,0.039404504001141,0.040100090205669,0.062216050922871,0.062705308198929,2.1454076204463e-07,-1.8405253854326e-07,-3.706375650836e-07,-3.0649121640636e-07,-0.0019799245055765,-0.001956932945177,-0.0015584538923576,-0.001627922989428,0,0,0,0,0,0,0,0,0,0,0,0,0,0,0,0,0.24130000174046,0.24130000174046,0.24130000174046,0.24130000174046,0.31999999284744,0.31999999284744,0.30000001192093,0.30000001192093,0.35249999165535,0.35249999165535,0.34000000357628,0.34000000357628,-0.065643198788166,0.065674617886543,-0.025091089308262,0.056161567568779,-1.6654280424118,-1.668135881424,-2.9957823753357,-2.995462179184,1305,0.016464572399855,-1,false,-1,2,-0.99999856948853,-0.0017077289521694,1.7142030628747e-05,2.3010223230813e-05,-0.0034362946171314,0.99999409914017,0,0,0,1.0000000031711e-30,1.0000000031711e-30,1.0000000031711e-30,1.0000000031711e-30,1.0000000031711e-30,1.0000000031711e-30,1.0000000031711e-30,1.0000000031711e-30,1.0000000031711e-30,340.6188659668,8.2675457000732,423.95654296875,0,0
2100,9.1057583631482e-05,0,0,1,0.26999998092651,0,0,'01/16/2026 18:15:34:235',0,0,0,30,-0.0017401193035766,0.99999415874481,0.0029491267632693,-0.0017401193035766,0.99999415874481,0.0029491267632693,-0.0015893708914518,0.99999439716339,0.0029413206502795,-0.0017312067793682,0.99999451637268,0.0028257453814149,-0.00098348513711244,0.0010080332867801,-0.0016261368291453,0.0016853518318385,24.639999389648,24.639999389648,24.639999389648,24.639999389648,16,16,16,16,0.99999785423279,0.99999785423279,0.99999779462814,0.99999779462814,95,95,95,95,80,80,80,80,80,80,80,80,80,80,80,80,80,80,80,80,1,1,1,1,0.039404753595591,0.040103256702423,0.062217101454735,0.062705770134926,2.2600306692766e-07,-1.9376503246349e-07,-3.5578435131356e-07,-2.9038457682873e-07,-0.0019783859606832,-0.0019771829247475,-0.0015518475556746,-0.0016294973902404,0,0,0,0,0,0,0,0,0,0,0,0,0,0,0,0,0.24130000174046,0.24130000174046,0.24130000174046,0.24130000174046,0.31999999284744,0.31999999284744,0.30000001192093,0.30000001192093,0.35249999165535,0.35249999165535,0.34000000357628,0.34000000357628,-0.065643176436424,0.065674684941769,-0.025091176852584,0.056162789463997,-1.6654282808304,-1.6681326627731,-2.9957830905914,-2.9954679012299,1305,0.01630961149931,-1,false,-1,2,-0.99999856948853,-0.0017077313968912,1.7171281797346e-05,2.3039488951326e-05,-0.0034362978767604,0.99999409914017,0,0,0,1.0000000031711e-30,1.0000000031711e-30,1.0000000031711e-30,1.0000000031711e-30,1.0000000031711e-30,1.0000000031711e-30,1.0000000031711e-30,1.0000000031711e-30,1.0000000031711e-30,340.6188659668,8.2675457000732,423.95654296875,0,0
2100,9.1262263595127e-05,0,0,1,0.26999998092651,0,0,'01/16/2026 18:15:34:285',0,0,0,30,-0.0017401193035766,0.99999415874481,0.0029491267632693,-0.0017401193035766,0.99999415874481,0.0029491267632693,-0.0015893708914518,0.99999439716339,0.0029413206502795,-0.0017312067793682,0.99999451637268,0.0028257453814149,-0.00098518433514982,0.0010060472413898,-0.001634057960473,0.001688755932264,24.639999389648,24.639999389648,24.639999389648,24.639999389648,16,16,16,16,0.99999785423279,0.99999785423279,0.99999779462814,0.99999779462814,95,95,95,95,80,80,80,80,80,80,80,80,80,80,80,80,80,80,80,80,1,1,1,1,0.039406888186932,0.04010721668601,0.062214281409979,0.062705114483833,2.6085203330695e-07,-1.5578193313104e-07,-2.4690731947885e-07,-2.0045652604495e-07,-0.0019651206675917,-0.0020018597133458,-0.001569215208292,-0.0016259915428236,0,0,0,0,0,0,0,0,0,0,0,0,0,0,0,0,0.24130000174046,0.24130000174046,0.24130000174046,0.24130000174046,0.31999999284744,0.31999999284744,0.30000001192093,0.30000001192093,0.35249999165535,0.35249999165535,0.34000000357628,0.34000000357628,-0.065643139183521,0.065674640238285,-0.025091134011745,0.056162733584642,-1.6654287576675,-1.6681329011917,-2.9957830905914,-2.9954676628113,1305,0.016364712268114,-1,false,-1,2,-0.99999856948853,-0.0017077344236895,1.7194644897245e-05,2.3062888431014e-05,-0.0034363141749054,0.99999409914017,0,0,0,1.0000000031711e-30,1.0000000031711e-30,1.0000000031711e-30,1.0000000031711e-30,1.0000000031711e-30,1.0000000031711e-30,1.0000000031711e-30,1.0000000031711e-30,1.0000000031711e-30,340.6188659668,8.2675457000732,423.95657348633,0,0
2100,9.1112779045943e-05,0,0,1,0.26999998092651,0,0,'01/16/2026 18:15:34:335',0,0,0,30,-0.0017401193035766,0.99999415874481,0.0029491267632693,-0.0017401193035766,0.99999415874481,0.0029491267632693,-0.0015893708914518,0.99999439716339,0.0029413206502795,-0.0017312067793682,0.99999451637268,0.0028257453814149,-0.00098730088211596,0.0010104101384059,-0.0016265872400254,0.0016828113002703,24.639999389648,24.639999389648,24.639999389648,24.639999389648,16,16,16,16,0.99999785423279,0.99999785423279,0.99999779462814,0.99999779462814,95,95,95,95,80,80,80,80,80,80,80,80,80,80,80,80,80,80,80,80,1,1,1,1,0.039412997663021,0.040106195956469,0.062207795679569,0.062699489295483,2.139083505881e-07,-2.1363048574585e-07,-3.0216494906199e-07,-5.0603705403773e-07,-0.0019278869731352,-0.0019957933109254,-0.0016087772091851,-0.001590313971974,0,0,0,0,0,0,0,0,0,0,0,0,0,0,0,0,0.24130000174046,0.24130000174046,0.24130000174046,0.24130000174046,0.31999999284744,0.31999999284744,0.30000001192093,0.30000001192093,0.35249999165535,0.35249999165535,0.34000000357628,0.34000000357628,-0.065643079578876,0.065674595534801,-0.025087745860219,0.05616294965148,-1.6654323339462,-1.6681308746338,-2.9957699775696,-2.9954652786255,1305,0.014892069622874,-1,false,-1,2,-0.99999856948853,-0.0017077862285078,1.7220963854925e-05,2.3089365640772e-05,-0.0034363020677119,0.99999409914017,0,0,0,1.0000000031711e-30,1.0000000031711e-30,1.0000000031711e-30,1.0000000031711e-30,1.0000000031711e-30,1.0000000031711e-30,1.0000000031711e-30,1.0000000031711e-30,1.0000000031711e-30,340.6188659668,8.2675457000732,423.95657348633,0,0
2100,9.112178668147e-05,0,0,1,0.26999998092651,0,0,'01/16/2026 18:15:34:385',0,0,0,30,-0.0017401193035766,0.99999415874481,0.0029491267632693,-0.0017401193035766,0.99999415874481,0.0029491267632693,-0.0015893708914518,0.99999439716339,0.0029413206502795,-0.0017312067793682,0.99999451637268,0.0028257453814149,-0.0009829563787207,0.0010045124217868,-0.0016870781546459,0.0016840294701979,24.639999389648,24.639999389648,24.639999389648,24.639999389648,16,16,16,16,0.99999785423279,0.99999785423279,0.99999779462814,0.99999779462814,95,95,95,95,80,80,80,80,80,80,80,80,80,80,80,80,80,80,80,80,1,1,1,1,0.039412576705217,0.04010397195816,0.062212884426117,0.062697730958462,1.9711619358986e-07,-2.2663438414838e-07,-4.6513576990037e-07,-2.8029353416059e-07,-0.0019305400783196,-0.0019829331431538,-0.0015767648583278,-0.0015798691892996,0,0,0,0,0,0,0,0,0,0,0,0,0,0,0,0,0.24130000174046,0.24130000174046,0.24130000174046,0.24130000174046,0.31999999284744,0.31999999284744,0.30000001192093,0.30000001192093,0.35249999165535,0.35249999165535,0.34000000357628,0.34000000357628,-0.065643116831779,0.065674543380737,-0.025087177753448,0.056162808090448,-1.6654351949692,-1.6681268215179,-2.9957721233368,-2.9954600334167,1305,0.012344360351563,-1,false,-1,2,-0.99999856948853,-0.0017078691162169,1.7245594790438e-05,2.311422576895e-05,-0.0034362699370831,0.99999409914017,0,0,0,1.0000000031711e-30,1.0000000031711e-30,1.0000000031711e-30,1.0000000031711e-30,1.0000000031711e-30,1.0000000031711e-30,1.0000000031711e-30,1.0000000031711e-30,1.0000000031711e-30,340.6188659668,8.2675457000732,423.95657348633,0,0
2100,9.1039408289362e-05,0,0,1,0.26999998092651,0,0,'01/16/2026 18:15:34:435',0,0,0,30,-0.0017401193035766,0.99999415874481,0.0029491267632693,-0.0017401193035766,0.99999415874481,0.0029491267632693,-0.0015893708914518,0.99999439716339,0.0029413206502795,-0.0017312067793682,0.99999451637268,0.0028257453814149,-0.00098792870994657,0.0010112773161381,-0.0016320165013894,0.0017030979506671,24.639999389648,24.639999389648,24.639999389648,24.639999389648,16,16,16,16,0.99999785423279,0.99999785423279,0.99999779462814,0.99999779462814,95,95,95,95,80,80,80,80,80,80,80,80,80,80,80,80,80,80,80,80,1,1,1,1,0.03941086679697,0.040109388530254,0.062212698161602,0.062702760100365,1.5207351111712e-07,-2.1918548043232e-07,-4.0593690187052e-07,-1.2924277825732e-07,-0.0019415160641074,-0.0020162865985185,-0.0015807872405276,-0.0016137583879754,0,0,0,0,0,0,0,0,0,0,0,0,0,0,0,0,0.24130000174046,0.24130000174046,0.24130000174046,0.24130000174046,0.31999999284744,0.31999999284744,0.30000001192093,0.30000001192093,0.35249999165535,0.35249999165535,0.34000000357628,0.34000000357628,-0.06564324349165,0.065674610435963,-0.025090519338846,0.056160345673561,-1.6654368638992,-1.6681271791458,-2.9957895278931,-2.9954466819763,1305,0.012591383419931,-1,false,-1,2,-0.99999856948853,-0.001707895193249,1.7262767869397e-05,2.3131471607485e-05,-0.0034362606238574,0.99999409914017,0,0,0,1.0000000031711e-30,1.0000000031711e-30,1.0000000031711e-30,1.0000000031711e-30,1.0000000031711e-30,1.0000000031711e-30,1.0000000031711e-30,1.0000000031711e-30,1.0000000031711e-30,340.6188659668,8.2675457000732,423.95657348633,0,0
2100,9.1085290478077e-05,0,0,1,0.26999998092651,0,0,'01/16/2026 18:15:34:485',0,0,0,30,-0.0017401193035766,0.99999415874481,0.0029491267632693,-0.0017401193035766,0.99999415874481,0.0029491267632693,-0.0015893708914518,0.99999439716339,0.0029413206502795,-0.0017312067793682,0.99999451637268,0.0028257453814149,-0.00098209385760128,0.0010068418923765,-0.0016355095431209,0.0016762445447966,24.639999389648,24.639999389648,24.639999389648,24.639999389648,16,16,16,16,0.99999785423279,0.99999785423279,0.99999779462814,0.99999779462814,95,95,95,95,80,80,80,80,80,80,80,80,80,80,80,80,80,80,80,80,1,1,1,1,0.039409603923559,0.040108613669872,0.06221279874444,0.062702678143978,2.0193567706883e-07,-1.9534621742423e-07,-2.0105929365855e-07,-3.0440531872955e-07,-0.0019491633865982,-0.0020112849306315,-0.0015795342624187,-0.0016127788694575,0,0,0,0,0,0,0,0,0,0,0,0,0,0,0,0,0.24130000174046,0.24130000174046,0.24130000174046,0.24130000174046,0.31999999284744,0.31999999284744,0.30000001192093,0.30000001192093,0.35249999165535,0.35249999165535,0.34000000357628,0.34000000357628,-0.065643228590488,0.065674602985382,-0.025090012699366,0.056160654872656,-1.665435552597,-1.6681282520294,-2.9957854747772,-2.9954497814178,1305,0.013893805444241,-1,false,-1,2,-0.99999856948853,-0.0017078692326322,1.7289614334004e-05,2.3158250769484e-05,-0.0034362736623734,0.99999409914017,0,0,0,1.0000000031711e-30,1.0000000031711e-30,1.0000000031711e-30,1.0000000031711e-30,1.0000000031711e-30,1.0000000031711e-30,1.0000000031711e-30,1.0000000031711e-30,1.0000000031711e-30,340.6188659668,8.2675457000732,423.95657348633,0,0
2100,9.1092602815479e-05,0,0,1,0.26999998092651,0,0,'01/16/2026 18:15:34:535',0,0,0,30,-0.0017401193035766,0.99999415874481,0.0029491267632693,-0.0017401193035766,0.99999415874481,0.0029491267632693,-0.0015893708914518,0.99999439716339,0.0029413206502795,-0.0017312067793682,0.99999451637268,0.0028257453814149,-0.00098726956639439,0.0010092678712681,-0.0016436054138467,0.0016783067258075,24.639999389648,24.639999389648,24.639999389648,24.639999389648,16,16,16,16,0.99999785423279,0.99999785423279,0.99999779462814,0.99999779462814,95,95,95,95,80,80,80,80,80,80,80,80,80,80,80,80,80,80,80,80,1,1,1,1,0.039410024881363,0.040109746158123,0.062212154269218,0.062704242765903,2.181054128414e-07,-1.8297109249943e-07,-2.8420163289411e-07,-3.0523011673722e-07,-0.0019465860677883,-0.0020182165317237,-0.0015835126396269,-0.0016224610153586,0,0,0,0,0,0,0,0,0,0,0,0,0,0,0,0,0.24130000174046,0.24130000174046,0.24130000174046,0.24130000174046,0.31999999284744,0.31999999284744,0.30000001192093,0.30000001192093,0.35249999165535,0.35249999165535,0.34000000357628,0.34000000357628,-0.065643146634102,0.06567458063364,-0.02509001083672,0.056160859763622,-1.6654357910156,-1.668129324913,-2.9957842826843,-2.9954521656036,1305,0.013944498263299,-1,false,-1,2,-0.99999856948853,-0.0017078460659832,1.7315795048489e-05,2.3184373276308e-05,-0.0034362857695669,0.99999409914017,0,0,0,1.0000000031711e-30,1.0000000031711e-30,1.0000000031711e-30,1.0000000031711e-30,1.0000000031711e-30,1.0000000031711e-30,1.0000000031711e-30,1.0000000031711e-30,1.0000000031711e-30,340.6188659668,8.2675447463989,423.95657348633,0,0
2100,9.1049558250234e-05,0,0,1,0.26999998092651,0,0,'01/16/2026 18:15:34:585',0,0,0,30,-0.0017401193035766,0.99999415874481,0.0029491267632693,-0.0017401193035766,0.99999415874481,0.0029491267632693,-0.0015893708914518,0.99999439716339,0.0029413206502795,-0.0017312067793682,0.99999451637268,0.0028257453814149,-0.00098408316262066,0.0010053651640192,-0.0016359974397346,0.0016724863089621,24.639999389648,24.639999389648,24.639999389648,24.639999389648,16,16,16,16,0.99999785423279,0.99999785423279,0.99999779462814,0.99999779462814,95,95,95,95,80,80,80,80,80,80,80,80,80,80,80,80,80,80,80,80,1,1,1,1,0.039410747587681,0.040111146867275,0.062212128192186,0.062704741954803,2.1119788584656e-07,-1.9452255628494e-07,-2.8663063744716e-07,-2.7853695883095e-07,-0.0019419542513788,-0.0020266706123948,-0.0015834702644497,-0.0016253609210253,0,0,0,0,0,0,0,0,0,0,0,0,0,0,0,0,0.24130000174046,0.24130000174046,0.24130000174046,0.24130000174046,0.31999999284744,0.31999999284744,0.30000001192093,0.30000001192093,0.35249999165535,0.35249999165535,0.34000000357628,0.34000000357628,-0.065643109381199,0.065674535930157,-0.025089973583817,0.056161094456911,-1.6654351949692,-1.6681311130524,-2.9957828521729,-2.9954543113708,1305,0.013956027105451,-1,false,-1,2,-0.99999856948853,-0.0017078270902857,1.733997669362e-05,2.3208514903672e-05,-0.0034363002050668,0.99999409914017,0,0,0,1.0000000031711e-30,1.0000000031711e-30,1.0000000031711e-30,1.0000000031711e-30,1.0000000031711e-30,1.0000000031711e-30,1.0000000031711e-30,1.0000000031711e-30,1.0000000031711e-30,340.6188659668,8.2675447463989,423.95657348633,0,0
2100,9.1057358076796e-05,0,0,1,0.26999998092651,0,0,'01/16/2026 18:15:34:635',0,0,0,30,-0.0017401193035766,0.99999415874481,0.0029491267632693,-0.0017401193035766,0.99999415874481,0.0029491267632693,-0.0015893708914518,0.99999439716339,0.0029413206502795,-0.0017312067793682,0.99999451637268,0.0028257453814149,-0.00098065787460655,0.001006722683087,-0.0016347147757187,0.0016728207701817,24.639999389648,24.639999389648,24.639999389648,24.639999389648,16,16,16,16,0.99999785423279,0.99999785423279,0.99999779462814,0.99999779462814,95,95,95,95,80,80,80,80,80,80,80,80,80,80,80,80,80,80,80,80,1,1,1,1,0.039408855140209,0.04011207818985,0.062212947756052,0.062702707946301,2.3054499820319e-07,-1.9215268309836e-07,-2.8820744546465e-07,-2.9338332296902e-07,-0.0019536579493433,-0.0020323470234871,-0.0015781380934641,-0.0016124688554555,0,0,0,0,0,0,0,0,0,0,0,0,0,0,0,0,0.24130000174046,0.24130000174046,0.24130000174046,0.24130000174046,0.31999999284744,0.31999999284744,0.30000001192093,0.30000001192093,0.35249999165535,0.35249999165535,0.34000000357628,0.34000000357628,-0.065643094480038,0.065674506127834,-0.025089913979173,0.056160885840654,-1.6654342412949,-1.6681320667267,-2.9957818984985,-2.9954538345337,1305,0.012577819637954,-1,false,-1,2,-0.99999856948853,-0.001707814168185,1.7366526662954e-05,2.323505395907e-05,-0.0034363188315183,0.99999409914017,0,0,0,1.0000000031711e-30,1.0000000031711e-30,1.0000000031711e-30,1.0000000031711e-30,1.0000000031711e-30,1.0000000031711e-30,1.0000000031711e-30,1.0000000031711e-30,1.0000000031711e-30,340.6188659668,8.2675447463989,423.95660400391,0,0
2100,9.1084126324859e-05,0,0,1,0.26999998092651,0,0,'01/16/2026 18:15:34:685',0,0,0,30,-0.0017401193035766,0.99999415874481,0.0029491267632693,-0.0017401193035766,0.99999415874481,0.0029491267632693,-0.0015893708914518,0.99999439716339,0.0029413206502795,-0.0017312067793682,0.99999451637268,0.0028257453814149,-0.00099019601475447,0.0010192157933488,-0.0016362116439268,0.001680989167653,24.639999389648,24.639999389648,24.639999389648,24.639999389648,16,16,16,16,0.99999785423279,0.99999785423279,0.99999779462814,0.99999779462814,95,95,95,95,80,80,80,80,80,80,80,80,80,80,80,80,80,80,80,80,1,1,1,1,0.039413306862116,0.040109228342772,0.062208648771048,0.062696054577827,1.9945440499214e-07,-2.4292776856782e-07,-3.1378903031509e-07,-2.9368476361924e-07,-0.0019262724090368,-0.0020147617906332,-0.0016027695965022,-0.0015705270925537,0,0,0,0,0,0,0,0,0,0,0,0,0,0,0,0,0.24130000174046,0.24130000174046,0.24130000174046,0.24130000174046,0.31999999284744,0.31999999284744,0.30000001192093,0.30000001192093,0.35249999165535,0.35249999165535,0.34000000357628,0.34000000357628,-0.065643049776554,0.065674439072609,-0.025085939094424,0.056160688400269,-1.6654371023178,-1.6681307554245,-2.9957654476166,-2.995450258255,1305,0.013461473397911,-1,false,-1,2,-0.99999856948853,-0.0017078589880839,1.7393465896021e-05,2.3262115064426e-05,-0.0034363011363894,0.99999409914017,0,0,0,1.0000000031711e-30,1.0000000031711e-30,1.0000000031711e-30,1.0000000031711e-30,1.0000000031711e-30,1.0000000031711e-30,1.0000000031711e-30,1.0000000031711e-30,1.0000000031711e-30,340.6188659668,8.2675447463989,423.95660400391,0,0
2100,9.1079229605384e-05,0,0,1,0.26999998092651,0,0,'01/16/2026 18:15:34:735',0,0,0,30,-0.0017401193035766,0.99999415874481,0.0029491267632693,-0.0017401193035766,0.99999415874481,0.0029491267632693,-0.0015893708914518,0.99999439716339,0.0029413206502795,-0.0017312067793682,0.99999451637268,0.0028257453814149,-0.00099040579516441,0.0010102322557941,-0.0017074695788324,0.0016752862138674,24.639999389648,24.639999389648,24.639999389648,24.639999389648,16,16,16,16,0.99999785423279,0.99999785423279,0.99999779462814,0.99999779462814,95,95,95,95,80,80,80,80,80,80,80,80,80,80,80,80,80,80,80,80,1,1,1,1,0.039412822574377,0.040107861161232,0.06221529096365,0.06269846111536,1.97903972321e-07,-2.1623260693104e-07,-2.853070668607e-07,-3.0090302516328e-07,-0.0019300254061818,-0.0020066448487341,-0.0015621350612491,-0.0015865489840508,0,0,0,0,0,0,0,0,0,0,0,0,0,0,0,0,0.24130000174046,0.24130000174046,0.24130000174046,0.24130000174046,0.31999999284744,0.31999999284744,0.30000001192093,0.30000001192093,0.35249999165535,0.35249999165535,0.34000000357628,0.34000000357628,-0.065643198788166,0.065674416720867,-0.025086967274547,0.056160185486078,-1.6654396057129,-1.6681280136108,-2.9957733154297,-2.9954450130463,1305,0.01243048813194,-1,false,-1,2,-0.99999856948853,-0.0017079077661037,1.7415850379621e-05,2.3284635972232e-05,-0.0034362834412605,0.99999409914017,0,0,0,1.0000000031711e-30,1.0000000031711e-30,1.0000000031711e-30,1.0000000031711e-30,1.0000000031711e-30,1.0000000031711e-30,1.0000000031711e-30,1.0000000031711e-30,1.0000000031711e-30,340.6188659668,8.2675447463989,423.95660400391,0,0
2100,9.1046800662298e-05,0,0,1,0.26999998092651,0,0,'01/16/2026 18:15:34:785',0,0,0,30,-0.0017401193035766,0.99999415874481,0.0029491267632693,-0.0017401193035766,0.99999415874481,0.0029491267632693,-0.0015893708914518,0.99999439716339,0.0029413206502795,-0.0017312067793682,0.99999451637268,0.0028257453814149,-0.00098556187003851,0.0010132468305528,-0.001637933193706,0.0016781177837402,24.639999389648,24.639999389648,24.639999389648,24.639999389648,16,16,16,16,0.99999785423279,0.99999785423279,0.99999779462814,0.99999779462814,95,95,95,95,80,80,80,80,80,80,80,80,80,80,80,80,80,80,80,80,1,1,1,1,0.039412312209606,0.04011170193553,0.062215197831392,0.062705688178539,1.5609822412443e-07,-2.5364354883095e-07,-2.2495450480164e-07,-3.6467164932219e-07,-0.001933079212904,-0.0020301437471062,-0.0015629408881068,-0.0016317289555445,0,0,0,0,0,0,0,0,0,0,0,0,0,0,0,0,0.24130000174046,0.24130000174046,0.24130000174046,0.24130000174046,0.31999999284744,0.31999999284744,0.30000001192093,0.30000001192093,0.35249999165535,0.35249999165535,0.34000000357628,0.34000000357628,-0.06564312428236,0.065674535930157,-0.025088060647249,0.056160885840654,-1.6654382944107,-1.6681311130524,-2.9957754611969,-2.9954516887665,1305,0.016502549871802,-1,false,-1,2,-0.99999856948853,-0.001707857940346,1.7441594536649e-05,2.331019823032e-05,-0.0034362769220024,0.99999409914017,0,0,0,1.0000000031711e-30,1.0000000031711e-30,1.0000000031711e-30,1.0000000031711e-30,1.0000000031711e-30,1.0000000031711e-30,1.0000000031711e-30,1.0000000031711e-30,1.0000000031711e-30,340.6188659668,8.2675447463989,423.95660400391,0,0
